time,latitude,longitude,depth,mag,magType,nst,gap,dmin,rms,net,id,updated,place,type,horizontalError,depthError,magError,magNst,status,locationSource,magSource
2025-06-08T23:52:26.620Z,19.8691666666667,-155.72,34.16,2.6,ml,52,121,0.0601,0.13,hv,hv74692567,2025-06-09T22:31:19.480Z,"10 km SE of Waikoloa, Hawaii",earthquake,0.47,0.6,0.23395881315031,25,reviewed,hv,hv
2025-06-08T23:38:45.410Z,40.4581666666667,-125.81,10,2.95,ml,81,260,1.134,0.31,nc,nc75192946,2025-06-11T18:38:08.821Z,"130 km WNW of Petrolia, CA",earthquake,1.52,31.61,0.167,12,reviewed,nc,nc
2025-06-08T23:31:26.330Z,44.239,-114.079833333333,1.94,2.51,ml,13,74,0.1471,0.18,mb,mb90094878,2025-06-09T15:29:55.770Z,"25 km E of Clayton, Idaho",earthquake,0.54,2.12,0.222963563804661,40,reviewed,mb,mb
2025-06-08T22:48:59.351Z,-21.1604,-177.966,436.876,4.3,mb,44,83,5.065,0.78,us,us6000qj2f,2025-06-09T00:46:32.040Z,"276 km W of Houma, Tonga",earthquake,15.22,7.237,0.099,29,reviewed,us,us
2025-06-08T22:43:22.697Z,4.4167,-73.1305,10,4.8,mb,65,48,1.261,1.32,us,us6000qj2c,2025-06-10T06:04:12.712Z,"10 km ENE of Paratebueno, Colombia",earthquake,4.78,1.813,0.044,163,reviewed,us,us
2025-06-08T22:26:02.310Z,14.2981,-87.1976,10,4.3,mb,25,123,0.251,0.85,us,us6000qj2a,2025-06-10T08:50:22.775Z,"9 km N of Cofradía, Honduras",earthquake,4.71,1.936,0.147,13,reviewed,us,us
2025-06-08T21:28:09.195Z,-47.9495,116.0545,10,5.5,mww,55,75,15.032,0.88,us,us6000qj0l,2025-06-09T21:54:24.583Z,"western Indian-Antarctic Ridge",earthquake,11.07,1.879,0.089,12,reviewed,us,us
2025-06-08T21:15:06.330Z,-47.7822,116.0354,9,5.9,mww,115,36,14.866,0.82,us,us6000qj0h,2025-06-09T21:41:26.132Z,"western Indian-Antarctic Ridge",earthquake,10.31,1.736,0.054,33,reviewed,us,us
2025-06-08T20:29:57.404Z,21.6634,143.0225,304.411,4.1,mb,53,114,5.462,1.04,us,us6000qj0b,2025-06-09T12:56:04.040Z,"Mariana Islands region",earthquake,11.42,8.656,0.074,49,reviewed,us,us
2025-06-08T20:01:02.500Z,19.2078333333333,-155.380333333333,30.79,2.84,ml,58,160,0.03368,0.12,hv,hv74692432,2025-06-09T19:05:04.528Z,"10 km E of Pāhala, Hawaii",earthquake,0.41,0.4,0.259702108911731,43,reviewed,hv,hv
2025-06-08T19:46:15.008Z,-27.877,-66.9495,151.352,4.7,mb,61,42,3.065,1.05,us,us6000qizy,2025-06-08T21:12:19.040Z,"25 km SE of Londres, Argentina",earthquake,3.95,7.432,0.032,300,reviewed,us,us
2025-06-08T19:02:08.220Z,44.331,-115.004333333333,1.72,2.53,ml,17,78,0.2517,0.19,mb,mb90094813,2025-06-09T15:50:02.170Z,"13 km NNW of Stanley, Idaho",earthquake,0.41,1.53,0.15714145788052,42,reviewed,mb,mb
2025-06-08T18:49:05.455Z,-18.9172,169.424,261.309,4.4,mb,47,111,4.051,0.85,us,us6000qizr,2025-06-09T13:09:50.040Z,"70 km NNE of Isangel, Vanuatu",earthquake,9.07,8.157,0.087,38,reviewed,us,us
2025-06-08T18:30:57.903Z,55.8487,-155.5157,13.6,2.7,ml,,,,0.48,ak,ak0257b9cj72,2025-06-14T01:03:35.410Z,"147 km SSW of Akhiok, Alaska",earthquake,,1.7,,,reviewed,ak,ak
2025-06-08T17:45:12.903Z,4.3762,-73.2176,10,4.5,mb,54,62,1.194,0.7,us,us6000qizg,2025-06-08T18:09:03.040Z,"0 km WNW of Paratebueno, Colombia",earthquake,7.72,1.9,0.089,37,reviewed,us,us
2025-06-08T17:25:03.626Z,44.2835,-114.1059,10,3.2,ml,50,38,0.504,0.55,us,us6000qiz8,2025-06-09T16:48:37.040Z,"23 km E of Clayton, Idaho",earthquake,2.46,1.996,0.03,150,reviewed,us,us
2025-06-08T17:05:46.337Z,44.2837,-114.0772,8.4,4.3,mwr,94,27,0.483,0.85,us,us6000qiz0,2025-06-14T17:15:52.068Z,"25 km E of Clayton, Idaho",earthquake,4.68,6.314,0.031,101,reviewed,us,us
2025-06-08T16:49:40.945Z,31.663,-104.309,6.4075,2.9,ml,33,66,0,0.2,tx,tx2025ldzc,2025-06-09T15:20:37.623Z,"57 km S of Whites City, New Mexico",earthquake,0.684200040783752,0.9045115953443956,0.2,17,reviewed,tx,tx
2025-06-08T16:42:47.056Z,49.0748,155.6819,48.36,4.2,mb,32,75,4.234,0.88,us,us6000qiyu,2025-06-08T17:39:03.040Z,"180 km S of Severo-Kuril’sk, Russia",earthquake,10.72,8.208,0.105,25,reviewed,us,us
2025-06-08T16:30:58.219Z,4.4201,-73.3408,10,4.9,mb,101,62,1.064,0.64,us,us6000qiys,2025-06-08T17:34:53.123Z,"9 km S of Medina, Colombia",earthquake,8.45,1.869,0.026,448,reviewed,us,us
2025-06-08T16:26:16.700Z,17.9328333333333,-67.1036666666667,11.92,2.94,md,19,259,0.06728,0.13,pr,pr71485263,2025-06-08T18:04:33.020Z,"7 km SW of La Parguera, Puerto Rico",earthquake,0.44,0.24,0.0745188166694957,12,reviewed,pr,pr
2025-06-08T16:11:17.050Z,19.211,-65.4391,27,3.56,md,20,258,0.9813,0.4,pr,pr2025159004,2025-06-08T17:42:53.040Z,"96 km NNE of Vieques, Puerto Rico",earthquake,2.08,25.4,0.15,12,reviewed,pr,pr
2025-06-08T15:23:50.760Z,19.2701,-65.521,42,3.56,md,23,230,1.0735,0.47,pr,pr2025159003,2025-06-08T16:42:57.480Z,"99 km NNE of Vieques, Puerto Rico",earthquake,2.76,13.55,0.2,19,reviewed,pr,pr
2025-06-08T14:55:46.350Z,-59.7519,-150.4605,10,5.1,mb,34,119,22.85,0.6,us,us6000qiye,2025-06-08T15:15:32.040Z,"Pacific-Antarctic Ridge",earthquake,13.84,1.897,0.101,32,reviewed,us,us
2025-06-08T13:57:30.870Z,17.9778333333333,-66.7601666666667,13.4,2.57,md,15,189,0.05147,0.11,pr,pr71485223,2025-06-08T14:27:10.890Z,"4 km SSE of Magas Arriba, Puerto Rico",earthquake,0.59,0.25,0.19026550232901,11,reviewed,pr,pr
2025-06-08T13:42:07.520Z,52.6761,-164.5856,2.9,2.6,ml,,,,0.51,ak,ak0257b6fuiu,2025-06-13T00:14:31.211Z,"180 km SSE of Akutan, Alaska",earthquake,,0.9,,,reviewed,ak,ak
2025-06-08T13:37:19.175Z,4.3646,-73.262,10,4.7,mb,66,90,1.159,1.29,us,us6000qiy2,2025-06-08T16:27:59.228Z,"5 km WSW of Paratebueno, Colombia",earthquake,6.27,1.9,0.073,57,reviewed,us,us
2025-06-08T13:08:05.861Z,4.512,-73.1553,9,6.3,mww,158,39,1.208,0.9,us,us6000qixr,2025-06-11T20:06:49.348Z,"16 km NNE of Paratebueno, Colombia",earthquake,6.37,1.815,0.032,96,reviewed,us,us
2025-06-08T13:06:32.809Z,38.3733,-115.8301,2.6,2.5,ml,18,172.32,0.194,0.1385,nn,nn00898668,2025-06-09T21:36:00.648Z,"81 km N of Rachel, Nevada",earthquake,,2.2,0.31,9,reviewed,nn,nn
2025-06-08T11:55:01.611Z,52.2297,-176.5014,227.4,2.5,ml,,,,0.61,ak,ak0257b5bquz,2025-06-09T15:47:34.406Z,"40 km NNE of Adak, Alaska",earthquake,,0.8,,,reviewed,ak,ak
2025-06-08T11:40:00.380Z,17.9915,-67.1753,6,3.31,md,20,268,0.0674,0.06,pr,pr2025159002,2025-06-08T12:36:06.040Z,"2 km NNE of Pole Ojea, Puerto Rico",earthquake,0.65,0.22,0.11,15,reviewed,pr,pr
2025-06-08T10:59:58.837Z,-57.1948,-67.9838,10,4.4,mb,22,165,2.277,0.46,us,us6000qixb,2025-06-08T12:57:20.040Z,"266 km S of Ushuaia, Argentina",earthquake,11.94,1.975,0.13,17,reviewed,us,us
2025-06-08T09:58:50.110Z,17.9923,-67.1711,6,3.23,md,20,266,0.0631,0.08,pr,pr2025159001,2025-06-08T17:51:38.100Z,"2 km NE of Pole Ojea, Puerto Rico",earthquake,0.74,0.25,0.11,14,reviewed,pr,pr
2025-06-08T09:35:56.181Z,-25.5393,-177.1401,124.861,4.8,mb,91,74,3.757,0.97,us,us6000qix4,2025-06-08T09:55:38.040Z,"south of the Fiji Islands",earthquake,10.56,6.721,0.036,245,reviewed,us,us
2025-06-08T09:01:48.870Z,19.4355,-65.4388,38,3.46,md,14,270,1.1825,0.42,pr,pr2025159000,2025-06-08T10:46:03.585Z,"119 km NNE of Vieques, Puerto Rico",earthquake,3.81,24.21,0.03,5,reviewed,pr,pr
2025-06-08T08:39:07.969Z,16.9837,-85.6654,10,4.6,mb,89,151,3.297,0.72,us,us6000qiwx,2025-06-08T09:10:23.040Z,"62 km NNE of Savannah Bight, Honduras",earthquake,7.62,1.944,0.034,263,reviewed,us,us
2025-06-08T07:20:35.260Z,17.9353333333333,-67.0996666666667,12.51,2.83,md,13,274,0.06273,0.19,pr,pr71485148,2025-06-08T07:41:06.720Z,"7 km SW of La Parguera, Puerto Rico",earthquake,0.87,0.4,0.139034535296519,5,reviewed,pr,pr
2025-06-08T07:10:11.024Z,56.082,-158.9922,80.8,2.5,ml,,,,0.4,ak,ak0257b2odrw,2025-06-11T05:13:41.040Z,"21 km NNE of Perryville, Alaska",earthquake,,0.3,,,reviewed,ak,ak
2025-06-08T06:46:15.548Z,51.7597,-166.831,10,3.3,ml,25,221,1.736,0.28,us,us6000qj63,2025-06-11T05:19:11.040Z,"190 km SE of Nikolski, Alaska",earthquake,7.14,2.016,0.091,16,reviewed,us,us
2025-06-08T05:59:29.350Z,19.131,-66.0785,23.9,3.2,md,15,288,0.7782,0.28,pr,pr71485138,2025-06-08T06:21:28.730Z,"73 km N of San Juan, Puerto Rico",earthquake,1.17,19.61,0.0222771824462913,8,reviewed,pr,pr
2025-06-08T05:56:01.877Z,31.697,-104.373,6.0999,2.7,ml,40,64,0,0.1,tx,tx2025ldeb,2025-06-09T14:59:45.849Z,"53 km S of Whites City, New Mexico",earthquake,0.6914211351949746,1.1294419887445477,0.1,23,reviewed,tx,tx
2025-06-08T05:30:15.474Z,-11.6265,116.6006,10,4.3,mb,32,98,3.012,1.11,us,us6000qiwc,2025-06-08T05:53:35.040Z,"South of Lombok, Indonesia",earthquake,7.78,1.91,0.111,23,reviewed,us,us
2025-06-08T05:27:23.040Z,19.0743333333333,-66.0956666666667,37.28,3.21,md,16,247,0.7224,0.23,pr,pr71485133,2025-06-08T05:48:40.810Z,"67 km N of San Juan, Puerto Rico",earthquake,1.14,5.56,0.0772685372115647,5,reviewed,pr,pr
2025-06-08T05:22:32.804Z,52.3544,-173.3169,10,3.5,ml,20,177,0.45,0.72,us,us6000qj62,2025-06-11T05:27:12.040Z,"62 km ENE of Atka, Alaska",earthquake,10.22,1.98,0.081,20,reviewed,us,us
2025-06-08T04:56:58.840Z,-47.8731,116.1091,10,5.2,mb,41,64,14.953,0.59,us,us6000qiw6,2025-06-08T05:14:10.040Z,"western Indian-Antarctic Ridge",earthquake,11.16,1.866,0.088,43,reviewed,us,us
2025-06-08T04:39:28.812Z,87.0279,47.361,10,5.3,mb,109,25,7.627,0.81,us,us6000qiw2,2025-06-08T04:59:23.040Z,"north of Franz Josef Land",earthquake,8.59,1.799,0.019,892,reviewed,us,us
2025-06-08T04:35:30.930Z,19.0858333333333,-66.1278333333333,22.7,3.02,md,15,284,0.7151,0.25,pr,pr71485118,2025-06-08T04:59:35.860Z,"68 km N of San Juan, Puerto Rico",earthquake,1.07,18.39,0.0187584765074575,5,reviewed,pr,pr
2025-06-08T03:46:33.797Z,-0.5785,121.9232,10,4.6,mb,27,68,0.965,0.79,us,us6000qivz,2025-06-08T04:26:05.040Z,"104 km WNW of Luwuk, Indonesia",earthquake,5.6,1.909,0.126,19,reviewed,us,us
2025-06-08T03:30:51.937Z,44.2109,-102.5296,10,2.6,mb_lg,13,64,1.088,1.33,us,us6000qivx,2025-06-08T03:37:12.040Z,"17 km NNW of Wasta, South Dakota",earthquake,4.85,1.754,0.08,41,reviewed,us,us
2025-06-08T03:12:04.970Z,18.1606666666667,-67.0113333333333,22.46,2.93,md,24,70,0.03681,0.19,pr,pr71485103,2025-06-08T03:32:05.960Z,"4 km SW of Maricao, Puerto Rico",earthquake,0.31,0.67,0.13172338116963,9,reviewed,pr,pr
2025-06-08T02:31:43.876Z,-47.8013,116.0635,10,4.8,mb,25,93,14.883,0.75,us,us6000qivk,2025-06-08T02:50:27.040Z,"western Indian-Antarctic Ridge",earthquake,12.83,1.909,0.135,23,reviewed,us,us
2025-06-08T02:28:06.096Z,-22.7164,-66.5489,220.329,4.2,mb,31,49,1.522,0.97,us,us6000qivj,2025-06-10T22:03:51.040Z,"87 km W of Abra Pampa, Argentina",earthquake,8.92,8.679,0.146,13,reviewed,us,us
2025-06-08T01:46:52.399Z,52.4079,-173.3007,10,3.6,ml,18,173,0.464,0.41,us,us6000qj5u,2025-06-10T20:57:42.040Z,"65 km ENE of Atka, Alaska",earthquake,4.66,1.981,0.081,20,reviewed,us,us
2025-06-08T01:41:01.045Z,-20.7711,-177.8715,493.492,4.3,mb,54,101,4.887,0.69,us,us6000qiv9,2025-06-08T02:05:22.040Z,"270 km W of Houma, Tonga",earthquake,14.05,7.089,0.073,57,reviewed,us,us
2025-06-08T00:50:30.614Z,14.6567,144.2792,10,5.3,mww,71,83,1.205,0.75,us,us6000qiv6,2025-06-14T01:00:37.556Z,"139 km NNW of Asan-Maina Village, Guam",earthquake,8.16,1.874,0.059,28,reviewed,us,us
2025-06-08T00:44:13.194Z,31.641,-104.471,6.2024,3.1,ml,50,68,0,0.1,tx,tx2025lcts,2025-06-09T15:45:46.734Z,"59 km S of Whites City, New Mexico",earthquake,1.1225481264326107,0.8282197975116053,0.1,28,reviewed,tx,tx
2025-06-07T23:46:13.444Z,-34.4689,-70.3886,10,4.1,mb,22,91,0.457,1.04,us,us6000qiu3,2025-06-10T22:32:34.040Z,"39 km SE of Machalí, Chile",earthquake,1.27,1.915,0.213,6,reviewed,us,us
2025-06-07T23:21:59.466Z,44.3236,-115.0269,6.476,2.5,ml,23,63,0.253,1.01,us,us6000qisi,2025-06-10T22:47:00.040Z,"13 km NNW of Stanley, Idaho",earthquake,1.57,1.976,0.048,58,reviewed,us,us
2025-06-07T23:20:45.400Z,-47.8269,116.0162,10,6.2,mww,54,65,14.911,0.82,us,us6000qisj,2025-06-08T23:41:22.613Z,"western Indian-Antarctic Ridge",earthquake,11.48,1.915,0.054,33,reviewed,us,us
2025-06-07T22:04:35.426Z,14.4759,144.2903,10,4.9,mww,61,58,1.045,0.82,us,us6000qis7,2025-06-07T22:45:27.040Z,"120 km NNW of Asan-Maina Village, Guam",earthquake,5.8,1.876,0.103,9,reviewed,us,us
2025-06-07T21:49:54.113Z,-7.7091,128.0061,133.119,4.4,mb,27,68,4.218,0.69,us,us6000qis4,2025-06-08T00:43:27.040Z,"142 km NE of Lospalos, Timor Leste",earthquake,10.29,12.842,0.155,13,reviewed,us,us
2025-06-07T20:25:41.897Z,59.6479,-152.3247,73.7,3,ml,,,,0.35,ak,ak02579myy99,2025-06-07T20:33:30.618Z,"31 km WSW of Anchor Point, Alaska",earthquake,,0.8,,,automatic,ak,ak
2025-06-07T18:51:53.140Z,19.228,-155.388333333333,31.25,2.53,ml,52,153,0.01282,0.13,hv,hv74691362,2025-06-09T18:49:51.640Z,"9 km ENE of Pāhala, Hawaii",earthquake,0.69,0.51,0.215375503468709,39,reviewed,hv,hv
2025-06-07T18:35:00.958Z,60.9503,-150.6044,35,2.8,ml,62,50,0.325,0.84,us,us6000qire,2025-06-07T21:14:20.040Z,"5 km ENE of Point Possession, Alaska",earthquake,2.69,1.982,0.031,134,reviewed,us,us
2025-06-07T18:30:53.062Z,37.315,-114.6468,5.4,2.8,ml,69,101.05000000000001,0.334,0.1463,nn,nn00898642,2025-06-07T22:10:00.716Z,"35 km SSW of Caliente, Nevada",earthquake,,1,0.34,29,reviewed,nn,nn
2025-06-07T17:16:56.130Z,35.5478333,-117.5585,7.65,2.68,ml,47,33,0.06984,0.11,ci,ci41178440,2025-06-09T15:24:45.000Z,"13 km SE of Ridgecrest, CA",earthquake,0.1,0.29,0.133,154,reviewed,ci,ci
2025-06-07T16:48:17.650Z,31.679,-104.398,6.9458,2.5,ml,14,108,0,0.2,tx,tx2025lcdy,2025-06-09T15:35:13.348Z,"55 km S of Whites City, New Mexico",earthquake,1.1050426078403317,0.9810165667319322,0.3,6,reviewed,tx,tx
2025-06-07T16:48:08.027Z,31.677,-104.391,5.8051,2.9,ml,50,65,0,0.1,tx,tx2025lcdx,2025-06-09T15:28:36.310Z,"55 km S of Whites City, New Mexico",earthquake,0.5724604527819774,0.4693588745723468,0.1,29,reviewed,tx,tx
2025-06-07T16:19:28.750Z,19.1371,-65.4015,73,3.58,md,12,253,0.8985,0.51,pr,pr2025158002,2025-06-07T17:08:10.372Z,"90 km NNE of Luquillo, Puerto Rico",earthquake,4.77,8.35,0.08,5,reviewed,pr,pr
2025-06-07T16:17:29.494Z,-55.9644,-27.8848,98.737,4.7,mb,82,67,5.216,0.52,us,us6000qiqu,2025-06-07T17:29:29.040Z,"South Sandwich Islands region",earthquake,8.84,3.859,0.068,68,reviewed,us,us
2025-06-07T16:17:09.474Z,60.0924,-153.2221,132,2.5,ml,,,,0.38,ak,ak02579kjfn4,2025-06-07T19:00:42.040Z,"59 km NE of Pedro Bay, Alaska",earthquake,,0.6,,,automatic,ak,ak
2025-06-07T16:09:27.845Z,36.4266,26.7226,123.909,4.3,mb,64,50,1.149,0.76,us,us6000qiqq,2025-06-07T18:01:08.040Z,"36 km ESE of Astypálaia, Greece",earthquake,6.17,6.406,0.078,50,reviewed,us,us
2025-06-07T14:46:15.347Z,35.8711,135.5552,346.514,4.1,mb,128,29,1.309,0.67,us,us6000qiqh,2025-06-09T16:28:03.040Z,"32 km NE of Kameshima, Japan",earthquake,8.51,6.58,0.044,140,reviewed,us,us
2025-06-07T14:01:36.187Z,-21.0602,-68.9401,116.111,4.7,mb,95,47,0.511,0.88,us,us6000qiqd,2025-06-09T16:01:34.896Z,"73 km WNW of Ollagüe, Chile",earthquake,3.52,5.273,0.034,274,reviewed,us,us
2025-06-07T13:43:32.446Z,0.8122,-27.9229,10,4.7,mb,141,90,16.073,0.55,us,us6000qiqc,2025-06-09T15:40:31.040Z,"central Mid-Atlantic Ridge",earthquake,11.82,1.906,0.047,143,reviewed,us,us
2025-06-07T13:20:49.230Z,-29.2943,-178.937,349.374,4.9,mb,197,36,0.882,1.01,us,us6000qiq5,2025-06-13T13:53:12.757Z,"Kermadec Islands, New Zealand",earthquake,10.25,4.553,0.033,299,reviewed,us,us
2025-06-07T12:46:20.282Z,40.2579,24.1655,10,5.3,mww,95,23,1.294,0.9,us,us6000qiq1,2025-06-08T15:32:53.204Z,"6 km W of Karyes, Greece",earthquake,4.76,1.83,0.063,24,reviewed,us,us
2025-06-07T11:06:04.876Z,-57.2471,-66.701,10,5.5,mww,56,101,2.378,0.92,us,us6000qipm,2025-06-08T11:28:19.777Z,"289 km SSE of Ushuaia, Argentina",earthquake,9.96,1.861,0.11,8,reviewed,us,us
2025-06-07T11:02:39.712Z,31.675,-104.388,6.0999,3.3,ml,39,66,0,0.1,tx,tx2025lbso,2025-06-08T11:17:09.543Z,"55 km S of Whites City, New Mexico",earthquake,0.7444520706756732,0.5858930360210969,0.1,21,reviewed,tx,tx
2025-06-07T10:33:46.287Z,44.3295,-115.0342,14.746,2.9,ml,46,62,0.261,0.47,us,us6000qipf,2025-06-07T10:43:20.040Z,"14 km NNW of Stanley, Idaho",earthquake,2.02,8.306,0.038,90,reviewed,us,us
2025-06-07T09:23:03.770Z,19.5691,-65.2761,40,3.7,md,17,279,1.2555,0.28,pr,pr2025158001,2025-06-07T10:05:39.040Z,"139 km NNE of Vieques, Puerto Rico",earthquake,2.48,14.88,0.06,11,reviewed,pr,pr
2025-06-07T09:06:45.680Z,20.3486666666667,-155.9945,30.1,2.8,ml,59,294,0.1856,0.12,hv,hv74690857,2025-06-09T19:46:27.710Z,"20 km NW of Hāwī, Hawaii",earthquake,0.66,0.87,0.188855325376756,31,reviewed,hv,hv
2025-06-07T09:01:06.762Z,53.1379,-163.0758,25.6,2.6,ml,,,,0.8,ak,ak02579g9ypg,2025-06-13T20:46:17.236Z,"192 km S of False Pass, Alaska",earthquake,,0.3,,,reviewed,ak,ak
2025-06-07T08:26:51.213Z,25.3201,123.9762,112.823,4.3,mb,35,68,0.966,0.9,us,us6000qip1,2025-06-07T08:54:32.040Z,"102 km NW of Tarama, Japan",earthquake,8.5,8.832,0.106,25,reviewed,us,us
2025-06-07T07:51:47.030Z,19.1256666666667,-66.1318333333333,15.57,3.09,md,12,287,0.7471,0.13,pr,pr71485013,2025-06-07T08:05:57.410Z,"73 km N of San Juan, Puerto Rico",earthquake,2.55,4.97,0.040774805100112,4,reviewed,pr,pr
2025-06-07T07:50:07.779Z,44.351,-115.0159,11.188,2.6,ml,29,58,0.273,0.49,us,us6000qinj,2025-06-08T04:39:51.040Z,"16 km NNW of Stanley, Idaho",earthquake,1.83,8.447,0.045,66,reviewed,us,us
2025-06-07T07:48:25.224Z,-3.4796,135.3245,70.06,4.3,mb,22,68,1.079,0.68,us,us6000qinl,2025-06-08T05:08:42.040Z,"23 km SW of Nabire, Indonesia",earthquake,7.82,5.984,0.138,15,reviewed,us,us
2025-06-07T07:35:48.329Z,44.3457,-115.019,15.548,2.6,ml,28,59,0.27,0.39,us,us6000qinf,2025-06-07T07:41:33.040Z,"15 km NNW of Stanley, Idaho",earthquake,2.32,8.325,0.042,76,reviewed,us,us
2025-06-07T07:33:40.361Z,-14.9201,66.8061,10,5.5,mww,103,57,16.491,0.64,us,us6000qinr,2025-06-09T06:10:17.040Z,"Mid-Indian Ridge",earthquake,9.97,1.856,0.071,19,reviewed,us,us
2025-06-07T07:11:55.012Z,61.6089,-146.3539,14.1,3,ml,,,,0.5,ak,ak02579f5cc3,2025-06-13T23:56:37.442Z,"47 km SSE of Nelchina, Alaska",earthquake,,0,,,reviewed,ak,ak
2025-06-07T06:51:42.181Z,44.3445,-115.0169,13.451,2.6,ml,21,59,0.268,0.29,us,us6000qin3,2025-06-07T14:26:30.660Z,"15 km NNW of Stanley, Idaho",earthquake,1.59,4.94,0.053,46,reviewed,us,us
2025-06-07T05:57:38.810Z,19.1175,-66.1203333333333,26.77,3.32,md,18,250,0.7457,0.26,pr,pr71485008,2025-06-07T06:42:40.890Z,"72 km N of San Juan, Puerto Rico",earthquake,1.03,12.94,0.0370536873637384,4,reviewed,pr,pr
2025-06-07T05:57:09.428Z,31.67,-104.196,5.2411,2.7,ml,33,62,0.1,0.1,tx,tx2025lbir,2025-06-07T12:07:50.112Z,"54 km NW of Toyah, Texas",earthquake,0.5577008218649868,0.8850476040412542,0.2,16,reviewed,tx,tx
2025-06-07T05:45:26.090Z,19.0758333333333,-66.1131666666667,15.13,3.18,md,15,256,0.7143,0.15,pr,pr71484998,2025-06-07T06:24:05.560Z,"67 km N of San Juan, Puerto Rico",earthquake,1.3,2.84,0.0756724964410391,8,reviewed,pr,pr
2025-06-07T05:40:18.427Z,41.2743,142.4175,48.313,4.5,mb,75,170,0.925,0.44,us,us6000qimm,2025-06-07T05:57:38.040Z,"100 km ENE of Yokohama, Japan",earthquake,7.53,8.913,0.069,62,reviewed,us,us
2025-06-07T05:38:07.901Z,31.652,-104.432,6.0999,3.3,ml,37,67,0,0.2,tx,tx2025lbia,2025-06-08T05:47:43.587Z,"58 km S of Whites City, New Mexico",earthquake,1.197441562645663,0.4886691303919466,0.1,19,reviewed,tx,tx
2025-06-07T05:28:12.880Z,19.0933,-66.1238,17,3.93,md,23,209,0.7378,0.21,pr,pr2025158000,2025-06-07T20:49:28.209Z,"69 km N of San Juan, Puerto Rico",earthquake,1.26,3.17,0.04,17,reviewed,pr,pr
2025-06-07T04:44:12.579Z,-7.0316,155.7367,77.396,4.8,mb,68,59,4.539,1,us,us6000qimd,2025-06-07T11:01:24.676Z,"83 km SSE of Panguna, Papua New Guinea",earthquake,9.08,7.049,0.051,119,reviewed,us,us
2025-06-07T04:37:40.956Z,-14.8737,66.5444,10,4.8,mb,35,84,37.005,1.17,us,us6000qime,2025-06-07T05:14:06.040Z,"Mid-Indian Ridge",earthquake,15.26,1.895,0.097,33,reviewed,us,us
2025-06-07T04:06:34.037Z,8.7421,-83.3479,20.637,4.8,mb,66,134,0.527,1.2,us,us6000qim8,2025-06-08T06:26:41.033Z,"30 km WNW of Golfito, Costa Rica",earthquake,5.24,4.995,0.031,314,reviewed,us,us
2025-06-07T04:00:30.558Z,51.6019,-171.8916,35,4.3,mb,52,180,1.55,0.95,us,us6000qim5,2025-06-13T23:56:36.941Z,"172 km ESE of Atka, Alaska",earthquake,8.9,1.974,0.047,127,reviewed,us,us
2025-06-07T03:33:50.470Z,41.0184,75.3421,10,5,mb,68,87,0.217,0.86,us,us6000qim1,2025-06-07T03:52:22.040Z,"42 km WSW of At-Bashi, Kyrgyzstan",earthquake,10.9,1.862,0.041,189,reviewed,us,us
2025-06-07T02:51:40.207Z,-5.5634,147.338,195.583,5,mb,94,30,3.497,0.93,us,us6000qilr,2025-06-07T03:09:51.040Z,"123 km NNW of Finschhafen, Papua New Guinea",earthquake,7.39,6.769,0.042,189,reviewed,us,us
2025-06-07T02:37:03.523Z,62.5579,-149.5367,54.2,2.8,ml,,,,0.67,ak,ak02579cbn18,2025-06-13T20:46:10.392Z,"31 km ENE of Chase, Alaska",earthquake,,0.1,,,reviewed,ak,ak
2025-06-07T02:35:58.174Z,53.9554,108.6211,10,4.2,mb,29,83,3.782,0.45,us,us6000qilq,2025-06-07T21:25:34.040Z,"66 km NNW of Ust’-Barguzin, Russia",earthquake,5.62,1.923,0.132,16,reviewed,us,us
2025-06-07T02:34:59.039Z,-42.6132,-74.0039,35.862,4.8,mb,42,148,1.686,0.92,us,us6000qiln,2025-06-08T03:06:25.502Z,"18 km W of Chonchi, Chile",earthquake,6.32,7.169,0.077,53,reviewed,us,us
2025-06-07T02:16:17.202Z,28.9,-98.995,2.9053,2.6,ml,28,75,0.1,0.2,tx,tx2025lbax,2025-06-07T21:07:38.040Z,"9 km E of Pearsall, Texas",earthquake,1.476987750455677,2.388544837475785,0.1,13,reviewed,tx,tx
2025-06-07T02:10:55.815Z,52.2839,-171.4861,59.4,3.4,ml,,,,0.61,ak,ak02579c5yvl,2025-06-13T23:56:36.379Z,"185 km E of Atka, Alaska",earthquake,,1.3,,,reviewed,ak,ak
2025-06-07T02:08:31.630Z,13.1325,-81.2168,10,5.1,mww,78,40,0.281,0.9,us,us6000qilg,2025-06-08T06:59:47.141Z,"30 km SSE of Mountain, Colombia",earthquake,5.61,1.874,0.058,29,reviewed,us,us
2025-06-07T00:32:24.372Z,31.671,-104.197,5.9332,2.5,ml,37,62,0.1,0.1,tx,tx2025laxc,2025-06-09T14:48:35.790Z,"55 km NW of Toyah, Texas",earthquake,0.45566602501722,0.6041505673509965,0.1,21,reviewed,tx,tx
